{
    "task_index": {
        "min": [
            0
        ],
        "max": [
            237
        ],
        "mean": [
            43.8944782405241
        ],
        "std": [
            67.84763789284332
        ],
        "count": [
            106850
        ],
        "q01": [
            43.8944782405241
        ],
        "q10": [
            43.8944782405241
        ],
        "q50": [
            43.8944782405241
        ],
        "q90": [
            43.894478240524116
        ],
        "q99": [
            43.894478240524116
        ]
    },
    "episode_index": {
        "min": [
            0
        ],
        "max": [
            1477
        ],
        "mean": [
            689.4843612540942
        ],
        "std": [
            442.29676624170315
        ],
        "count": [
            106850
        ],
        "q01": [
            689.4843612540942
        ],
        "q10": [
            689.4843612540942
        ],
        "q50": [
            689.4843612540942
        ],
        "q90": [
            689.4843612540942
        ],
        "q99": [
            689.4843612540942
        ]
    },
    "action": {
        "min": [
            3.742000102996826,
            3.742000102996826,
            0.0,
            0.0,
            -25.0,
            -80.0,
            0.0,
            0.0,
            0.0,
            -90.0,
            -90.0,
            -28.0,
            -28.0
        ],
        "max": [
            17.134300231933594,
            17.134300231933594,
            13.610699653625488,
            14.459699630737305,
            21.43600082397461,
            80.0,
            120.0,
            90.0,
            90.0,
            -2.5843000411987305,
            -4.082699775695801,
            28.0,
            28.0
        ],
        "mean": [
            10.024771015272554,
            10.024657227592472,
            5.823858348909178,
            5.723418817480071,
            -0.05094308311886978,
            0.5033781022187485,
            50.42292544277626,
            14.394978815371077,
            16.103784657337503,
            -77.28091320212785,
            -77.511125345654,
            2.711262695054674,
            -2.372782200872658
        ],
        "std": [
            1.071360684000189,
            1.0696085280885315,
            2.5482140130096873,
            2.665248846028705,
            4.305192731122879,
            15.433202873071135,
            20.895779883577774,
            23.254018686335296,
            24.464550401686115,
            19.34362812585549,
            18.677909720084273,
            8.826246072101064,
            8.682378456252982
        ],
        "count": [
            106850
        ],
        "q01": [
            8.586120096510555,
            8.592546900341517,
            4.241053362524152,
            4.164402596320288,
            -5.029488043231885,
            -20.245600818995314,
            38.88741214463423,
            0.48964128117360306,
            0.8016439313878744,
            -85.35324482375685,
            -85.40873557726682,
            -6.55782271109379,
            -10.764748161851644
        ],
        "q10": [
            9.53863223587624,
            9.532560538786484,
            5.021725380516672,
            4.990918883493189,
            -2.2706097337743953,
            -9.874335954973619,
            44.012055861958714,
            1.4022910553059564,
            2.0038156970952152,
            -84.0742730071818,
            -84.23836359410949,
            -2.252919420940521,
            -7.248815881791714
        ],
        "q50": [
            10.002783814085214,
            10.003570422268451,
            5.710258819278779,
            5.628221792753173,
            -0.5920571798172187,
            0.32871176705376404,
            49.996062158224156,
            13.212758703481846,
            15.875721202066922,
            -79.0691738847541,
            -79.33495910837432,
            3.119388484775554,
            -2.884551045705288
        ],
        "q90": [
            10.531895049478058,
            10.526120843057493,
            6.792298037785071,
            6.599149454071299,
            3.096322872458757,
            10.979547835788381,
            57.557198292942054,
            28.938514182849016,
            30.339292635346293,
            -67.65342257466,
            -68.07427813969483,
            7.204381368312186,
            2.8077716206021863
        ],
        "q99": [
            11.520136689920303,
            11.544107617927677,
            8.06706495026186,
            7.814624388791494,
            6.843080635550983,
            21.783140371264107,
            64.8467553350451,
            35.14774039197612,
            36.00184940424171,
            -62.07860882635928,
            -62.73640574921901,
            10.770336458041612,
            7.090829401537149
        ]
    },
    "observation.images.context": {
        "min": [
            [
                [
                    0.0
                ]
            ],
            [
                [
                    0.0
                ]
            ],
            [
                [
                    0.0
                ]
            ]
        ],
        "max": [
            [
                [
                    0.0
                ]
            ],
            [
                [
                    0.0
                ]
            ],
            [
                [
                    0.0
                ]
            ]
        ],
        "mean": [
            [
                [
                    0.0
                ]
            ],
            [
                [
                    0.0
                ]
            ],
            [
                [
                    0.0
                ]
            ]
        ],
        "std": [
            [
                [
                    0.0
                ]
            ],
            [
                [
                    0.0
                ]
            ],
            [
                [
                    0.0
                ]
            ]
        ],
        "count": [
            103208
        ],
        "q01": [
            [
                [
                    1.5686274509801658e-18
                ]
            ],
            [
                [
                    1.5686274509801658e-18
                ]
            ],
            [
                [
                    1.5686274509801658e-18
                ]
            ]
        ],
        "q10": [
            [
                [
                    1.5686274509801653e-17
                ]
            ],
            [
                [
                    1.5686274509801653e-17
                ]
            ],
            [
                [
                    1.5686274509801653e-17
                ]
            ]
        ],
        "q50": [
            [
                [
                    7.843137254900814e-17
                ]
            ],
            [
                [
                    7.843137254900814e-17
                ]
            ],
            [
                [
                    7.843137254900814e-17
                ]
            ]
        ],
        "q90": [
            [
                [
                    1.4117647058821448e-16
                ]
            ],
            [
                [
                    1.4117647058821448e-16
                ]
            ],
            [
                [
                    1.4117647058821448e-16
                ]
            ]
        ],
        "q99": [
            [
                [
                    1.5529411764703626e-16
                ]
            ],
            [
                [
                    1.5529411764703626e-16
                ]
            ],
            [
                [
                    1.5529411764703626e-16
                ]
            ]
        ]
    },